SimulationSecond,ReceiveRate,PacketsReceived,NumberOfSinks,RoutingProtocol,TransmissionPower,WavePktsSent,WavePtksReceived,WavePktsPpr,ExpectedWavePktsReceived,ExpectedWavePktsInCoverageReceived,BSM_PDR1,BSM_PDR2,BSM_PDR3,BSM_PDR4,BSM_PDR5,BSM_PDR6,BSM_PDR7,BSM_PDR8,BSM_PDR9,BSM_PDR10,MacPhyOverhead
+0s,0,0,10,protocol,7.5,0,0,0,0,0,0,0,0,0,0,0,0,0,0,0,0
+1s,0,0,10,protocol,7.5,0,0,0,0,0,0,0,0,0,0,0,0,0,0,0,1
+2s,2.048,4,10,protocol,7.5,400,1226,3.065,286,282,0.986014,0.976434,0.657725,0.40853,0.290797,0.225368,0.195285,0.195285,0.195285,0.195285,0.376719
+3s,2.56,5,10,protocol,7.5,400,1295,3.2375,358,358,1,0.979125,0.680862,0.42459,0.294989,0.237702,0.203777,0.203777,0.203777,0.203777,0.320958
+4s,2.048,4,10,protocol,7.5,400,1360,3.4,334,335,1,0.987805,0.714286,0.45273,0.304387,0.245842,0.212633,0.212633,0.212633,0.212633,0.302613
+5s,2.048,4,10,protocol,7.5,400,1332,3.33,348,348,1,0.982558,0.696289,0.428434,0.288687,0.238967,0.208385,0.208385,0.208385,0.208385,0.301803
+6s,2.048,4,10,protocol,7.5,400,1305,3.2625,282,281,0.996454,0.978887,0.653808,0.407813,0.280887,0.233202,0.199602,0.199602,0.199602,0.199602,0.297376
+7s,2.048,4,10,protocol,7.5,400,1223,3.0575,262,262,1,0.964286,0.587981,0.377702,0.261102,0.217152,0.185359,0.185359,0.185359,0.185359,0.294334
+8s,2.048,4,10,protocol,7.5,400,1267,3.1675,232,232,1,0.970954,0.595395,0.372209,0.269403,0.22401,0.189557,0.189557,0.189557,0.189557,0.292146
+9s,2.048,4,10,protocol,7.5,400,1266,3.165,232,223,0.961207,0.950292,0.594366,0.368452,0.263092,0.220327,0.185958,0.185958,0.185958,0.185958,0.290617
